,Price,Title
0,price,Title
1,£51.77,A Light in the Attic
2,£53.74,Tipping the Velvet
3,£50.10,Soumission
4,£47.82,Sharp Objects
5,£54.23,Sapiens: A Brief History of Humankind
6,£22.65,The Requiem Red
7,£33.34,The Dirty Little Secrets of Getting Your Dream Job
8,£17.93,"The Coming Woman: A Novel Based on the Life of the Infamous Feminist, Victoria Woodhull"
9,£22.60,The Boys in the Boat: Nine Americans and Their Epic Quest for Gold at the 1936 Berlin Olympics
10,£52.15,The Black Maria
11,£13.99,"Starving Hearts (Triangular Trade Trilogy, #1)"
12,£20.66,Shakespeare's Sonnets
13,£17.46,Set Me Free
14,£52.29,Scott Pilgrim's Precious Little Life (Scott Pilgrim #1)
15,£35.02,Rip it Up and Start Again
16,£57.25,"Our Band Could Be Your Life: Scenes from the American Indie Underground, 1981-1991"
17,£23.88,Olio
18,£37.59,Mesaerion: The Best Science Fiction Stories 1800-1849
19,£51.33,Libertarianism for Beginners
20,£45.17,It's Only the Himalayas
21,£12.84,In Her Wake
22,£37.32,How Music Works
23,£30.52,"Foolproof Preserving: A Guide to Small Batch Jams, Jellies, Pickles, Condiments, and More: A Foolproof Guide to Making Small Batch Jams, Jellies, Pickles, Condiments, and More"
24,£25.27,Chase Me (Paris Nights #2)
25,£34.53,Black Dust
26,£54.64,Birdsong: A Story in Pictures
27,£22.50,America's Cradle of Quarterbacks: Western Pennsylvania's Football Factory from Johnny Unitas to Joe Montana
28,£53.13,Aladdin and His Wonderful Lamp
29,£40.30,Worlds Elsewhere: Journeys Around Shakespeare’s Globe
30,£44.18,Wall and Piece
31,£17.66,The Four Agreements: A Practical Guide to Personal Freedom
32,£31.05,The Five Love Languages: How to Express Heartfelt Commitment to Your Mate
33,£23.82,The Elephant Tree
34,£36.89,The Bear and the Piano
35,£15.94,Sophie's World
36,£33.29,Penny Maybe
37,£18.02,Maude (1883-1993):She Grew Up with the country
38,£19.63,"In a Dark, Dark Wood"
39,£52.22,Behind Closed Doors
40,£33.63,You can't bury them all: Poems
41,£57.31,Slow States of Collapse: Poems
42,£26.41,Reasons to Stay Alive
43,£47.61,Private Paris (Private #10)
44,£23.11,#HigherSelfie: Wake Up Your Life. Free Your Soul. Find Your Tribe.
45,£45.07,Without Borders (Wanderlove #1)
46,£31.77,When We Collided
47,£50.27,"We Love You, Charlie Freeman"
48,£14.27,Untitled Collection: Sabbath Poems 2014
49,£44.18,"Unseen City: The Majesty of Pigeons, the Discreet Charm of Snails & Other Wonders of the Urban Wilderness"
50,£18.78,Unicorn Tracks
51,£25.52,"Unbound: How Eight Technologies Made Us Human, Transformed Society, and Brought Our World to the Brink"
52,£16.28,Tsubasa: WoRLD CHRoNiCLE 2 (Tsubasa WoRLD CHRoNiCLE #2)
53,£31.12,Throwing Rocks at the Google Bus: How Growth Became the Enemy of Prosperity
54,£19.49,This One Summer
55,£17.27,Thirst
56,£19.09,The Torch Is Passed: A Harding Family Story
57,£56.13,The Secret of Dreadwillow Carse
58,£56.41,"The Pioneer Woman Cooks: Dinnertime: Comfort Classics, Freezer Food, 16-Minute Meals, and Other Delicious Ways to Solve Supper!"
59,£56.50,The Past Never Ends
60,£45.22,The Natural History of Us (The Fine Art of Pretending #2)
61,£38.16,The Nameless City (The Nameless City #1)
62,£54.11,The Murder That Never Was (Forensic Instincts #5)
63,£42.96,The Most Perfect Thing: Inside (and Outside) a Bird's Egg
64,£23.89,"The Mindfulness and Acceptance Workbook for Anxiety: A Guide to Breaking Free from Anxiety, Phobias, and Worry Using Acceptance and Commitment Therapy"
65,£16.77,The Life-Changing Magic of Tidying Up: The Japanese Art of Decluttering and Organizing
66,£20.59,"The Inefficiency Assassin: Time Management Tactics for Working Smarter, Not Longer"
67,£37.13,The Gutsy Girl: Escapades for Your Life of Epic Adventure
68,£56.06,The Electric Pencil: Drawings from Inside State Hospital No. 3
69,£58.11,The Death of Humanity: and the Case for Life
70,£49.05,"The Bulletproof Diet: Lose up to a Pound a Day, Reclaim Energy and Focus, Upgrade Your Life"
71,£40.76,The Art Forger
72,£19.73,The Age of Genius: The Seventeenth Century and the Birth of the Modern Mind
73,£32.24,The Activist's Tao Te Ching: Ancient Advice for a Modern Revolution
74,£41.83,Spark Joy: An Illustrated Master Class on the Art of Organizing and Tidying Up
75,£39.58,Soul Reader
76,£39.25,Security
77,£25.02,"Saga, Volume 6 (Saga (Collected Editions) #6)"
78,£51.04,"Saga, Volume 5 (Saga (Collected Editions) #5)"
79,£19.83,Reskilling America: Learning to Labor in the Twenty-First Century
80,£50.40,"Rat Queens, Vol. 3: Demons (Rat Queens (Collected Editions) #11-15)"
81,£13.61,"Princess Jellyfish 2-in-1 Omnibus, Vol. 01 (Princess Jellyfish 2-in-1 Omnibus #1)"
82,£13.34,Princess Between Worlds (Wide-Awake Princess #5)
83,£18.97,"Pop Gun War, Volume 1: Gift"
84,£36.28,"Political Suicide: Missteps, Peccadilloes, Bad Calls, Backroom Hijinx, Sordid Pasts, Rotten Breaks, and Just Plain Dumb Mistakes in the Annals of American Politics"
85,£10.16,Patience
86,£15.44,"Outcast, Vol. 1: A Darkness Surrounds Him (Outcast #1)"
87,£48.41,orange: The Complete Collection 1 (orange: The Complete Collection #1)
88,£46.35,Online Marketing for Busy Authors: A Step-By-Step Guide
89,£14.07,On a Midnight Clear
90,£14.86,Obsidian (Lux #1)
91,£33.37,My Paris Kitchen: Recipes and Stories
92,£56.40,Masks and Shadows
93,£14.02,"Mama Tried: Traditional Italian Cooking for the Screwed, Crude, Vegan, and Tattooed"
94,£46.91,"Lumberjanes, Vol. 2: Friendship to the Max (Lumberjanes #5-8)"
95,£45.61,"Lumberjanes, Vol. 1: Beware the Kitten Holy (Lumberjanes #1-4)"
96,£19.92,Lumberjanes Vol. 3: A Terrible Plan (Lumberjanes #9-12)
97,£40.11,"Layered: Baking, Building, and Styling Spectacular Cakes"
98,£53.90,Judo: Seven Steps to Black Belt (an Introductory Guide for Beginners)
99,£35.67,Join
100,£22.00,In the Country We Love: My Family Divided
101,£57.36,Immunity: How Elie Metchnikoff Changed the Course of Modern Medicine
102,£29.17,"I Hate Fairyland, Vol. 1: Madly Ever After (I Hate Fairyland (Compilations) #1-5)"
103,£54.63,I am a Hero Omnibus Volume 1
104,£46.03,How to Be Miserable: 40 Strategies You Already Use
105,£33.97,Her Backup Boyfriend (The Sorensen Family #1)
106,£22.11,"Giant Days, Vol. 2 (Giant Days #5-8)"
107,£29.69,Forever and Forever: The Courtship of Henry Longfellow and Fanny Appleton
108,£15.97,First and First (Five Boroughs #3)
109,£21.96,Fifty Shades Darker (Fifty Shades #2)
110,£54.35,Everydata: The Misinformation Hidden in the Little Data You Consume Every Day
111,£37.97,"Don't Be a Jerk: And Other Practical Advice from Dogen, Japan's Greatest Zen Master"
112,£51.99,Danganronpa Volume 1
113,£43.29,Crown of Midnight (Throne of Glass #2)
114,£36.72,"Codename Baboushka, Volume 1: The Conclave of Death"
115,£17.08,Camp Midnight
116,£29.14,Call the Nurse: True Stories of a Country Nurse on a Scottish Isle
117,£28.81,Burning
118,£49.46,Bossypants
119,£37.92,"Bitch Planet, Vol. 1: Extraordinary Machine (Bitch Planet (Collected Editions))"
120,£28.09,"Avatar: The Last Airbender: Smoke and Shadow, Part 3 (Smoke and Shadow #3)"
121,£30.81,Algorithms to Live By: The Computer Science of Human Decisions
122,£42.95,A World of Flavor: Your Gluten Free Passport
123,£56.76,"A Piece of Sky, a Grain of Rice: A Memoir in Four Meditations"
124,£16.64,A Murder in Time
125,£55.53,A Flight of Arrows (The Pathfinders #2)
126,£28.13,A Fierce and Subtle Poison
127,£52.37,A Court of Thorns and Roses (A Court of Thorns and Roses #1)
128,£54.00,(Un)Qualified: How God Uses Broken People to Do Big Things
129,£21.87,You Are What You Love: The Spiritual Power of Habit
130,£43.30,"William Shakespeare's Star Wars: Verily, A New Hope (William Shakespeare's Star Wars #4)"
131,£21.04,Tuesday Nights in 1980
132,£41.60,Tracing Numbers on a Train
133,£35.07,Throne of Glass (Throne of Glass #1)
134,£59.64,Thomas Jefferson and the Tripoli Pirates: The Forgotten War That Changed American History
135,£52.72,Thirteen Reasons Why
136,£58.08,The White Cat and the Monk: A Retelling of the Poem “Pangur Bán”
137,£24.12,The Wedding Dress
138,£42.15,The Vacationers
139,£12.61,The Third Wave: An Entrepreneur’s Vision of the Future
140,£17.44,The Stranger
141,£33.14,The Shadow Hero (The Shadow Hero)
142,£27.37,The Secret (The Secret #1)
143,£51.36,The Regional Office Is Under Attack!
144,£36.00,The Psychopath Test: A Journey Through the Madness Industry
145,£10.65,The Project
146,£43.54,The Power of Now: A Guide to Spiritual Enlightenment
147,£38.21,The Omnivore's Dilemma: A Natural History of Four Meals
148,£37.34,The Nerdy Nummies Cookbook: Sweet Treats for the Geek in All of Us
149,£44.10,The Murder of Roger Ackroyd (Hercule Poirot #4)
150,£43.29,The Mistake (Off-Campus #2)
151,£55.85,The Matchmaker's Playbook (Wingmen Inc. #1)
152,£37.60,The Love and Lemons Cookbook: An Apple-to-Zucchini Celebration of Impromptu Cooking
153,£10.97,The Long Shadow of Small Ghosts: Murder and Memory in an American City
154,£41.82,The Kite Runner
155,£36.95,The House by the Lake
156,£44.28,The Glittering Court (The Glittering Court #1)
157,£55.02,The Girl on the Train
158,£17.24,The Genius of Birds
159,£23.15,The Emerald Mystery
160,£41.25,The Cookies & Cups Cookbook: 125+ sweet & savory recipes reminding you to Always Eat Dessert First
161,£32.00,The Bridge to Consciousness: I'm Writing the Bridge Between Science and Our Old and New Beliefs.
162,£38.49,The Artist's Way: A Spiritual Path to Higher Creativity
163,£33.34,The Art of War
164,£10.93,The Argonauts
165,£27.55,The 10% Entrepreneur: Live Your Startup Dream Without Quitting Your Day Job
166,£55.99,Suddenly in Love (Lake Haven #1)
167,£16.24,Something More Than This
168,£26.12,Soft Apocalypse
169,£12.23,So You've Been Publicly Shamed
170,£23.99,Shoe Dog: A Memoir by the Creator of NIKE
171,£29.06,"Shobu Samurai, Project Aryoku (#3)"
172,£20.27,Secrets and Lace (Fatal Hearts #1)
173,£43.55,Scarlett Epstein Hates It Here
174,£36.94,Romero and Juliet: A Tragic Tale of Love and Zombies
175,£20.47,Redeeming Love
176,£41.06,Poses for Artists Volume 1 - Dynamic and Sitting Poses: An Essential Reference for Figure Drawing and the Human Form
177,£14.19,Poems That Make Grown Women Cry
178,£38.28,"Nightingale, Sing"
179,£41.05,Night Sky with Exit Wounds
180,£30.25,Mrs. Houdini
181,£28.26,Modern Romance
182,£10.76,Miss Peregrine’s Home for Peculiar Children (Miss Peregrine’s Peculiar Children #1)
183,£16.85,Louisa: The Extraordinary Life of Mrs. Adams
184,£13.47,Little Red
185,£48.56,Library of Souls (Miss Peregrine’s Peculiar Children #3)
186,£19.15,Large Print Heart of the Pride
187,£57.36,I Had a Nice Time And Other Lies...: How to find love & sh*t like that
188,£42.98,Hollow City (Miss Peregrine’s Peculiar Children #2)
189,£22.16,Grumbles
190,£49.43,Full Moon over Noah’s Ark: An Odyssey to Mount Ararat and Beyond
191,£29.99,Frostbite (Vampire Academy #2)
192,£21.36,Follow You Home
193,£29.00,First Steps for New Christians (Print Edition)
194,£53.53,Finders Keepers (Bill Hodges Trilogy #2)
195,£41.62,"Fables, Vol. 1: Legends in Exile (Fables #1)"
196,£54.59,Eureka Trivia 6.0
197,£34.95,Drive: The Surprising Truth About What Motivates Us
198,£37.72,Done Rubbed Out (Reightman & Bailey #1)
199,£35.61,Doing It Over (Most Likely To #1)
200,£42.16,"Deliciously Ella Every Day: Quick and Easy Recipes for Gluten-Free Snacks, Packed Lunches, and Simple Meals"
201,£19.19,Dark Notes
202,£19.43,"Daring Greatly: How the Courage to Be Vulnerable Transforms the Way We Live, Love, Parent, and Lead"
203,£49.46,Close to You
204,£37.80,Chasing Heaven: What Dying Taught Me About Living
205,£30.80,Big Magic: Creative Living Beyond Fear
206,£27.43,Becoming Wise: An Inquiry into the Mystery and Art of Living
207,£11.11,Beauty Restored (Riley Family Legacy Novellas #3)
208,£36.50,Batman: The Long Halloween (Batman)
209,£15.38,Batman: The Dark Knight Returns (Batman)
210,£15.48,Ayumi's Violin
211,£46.82,Anonymous
212,£18.46,Amy Meets the Saints and Sages
213,£36.58,Amid the Chaos
214,£50.54,Amatus
215,£12.51,Agnostic: A Spirited Manifesto
216,£24.70,Zealot: The Life and Times of Jesus of Nazareth
217,£43.61,You (You #1)
218,£37.34,"Wonder Woman: Earth One, Volume One (Wonder Woman: Earth One #1)"
219,£14.36,Wild Swans
220,£52.65,Why the Right Went Wrong: Conservatism--From Goldwater to the Tea Party and Beyond
221,£38.20,Whole Lotta Creativity Going On: 60 Fun and Unusual Exercises to Awaken and Strengthen Your Creativity
222,£19.60,What's It Like in Space?: Stories from Astronauts Who've Been There
223,£53.90,"We Are Robin, Vol. 1: The Vigilante Business (We Are Robin #1)"
224,£12.96,Walt Disney's Alice in Wonderland
225,£37.10,V for Vendetta (V for Vendetta Complete)
226,£46.31,Until Friday Night (The Field Party #1)
227,£45.95,"Unbroken: A World War II Story of Survival, Resilience, and Redemption"
228,£22.08,Twenty Yawns
229,£25.38,Through the Woods
230,£27.12,This Is Where It Ends
231,£43.04,The Year of Magical Thinking
232,£56.80,The Wright Brothers
233,£25.91,The White Queen (The Cousins' War #1)
234,£32.61,The Wedding Pact (The O'Malleys #2)
235,£27.88,The Time Keeper
236,£52.67,The Testament of Mary
237,£46.02,The Star-Touched Queen
238,£44.48,The Songs of the Gods
239,£37.40,The Song of Achilles
240,£54.04,The Rosie Project (Don Tillman #1)
241,£16.88,The Power of Habit: Why We Do What We Do in Life and Business
242,£28.08,The Marriage of Opposites
243,£10.40,The Lucifer Effect: Understanding How Good People Turn Evil
244,£44.07,The Long Haul (Diary of a Wimpy Kid #9)
245,£23.40,The Loney
246,£17.43,The Literature Book (Big Ideas Simply Explained)
247,£54.21,The Last Mile (Amos Decker #2)
248,£40.67,The Immortal Life of Henrietta Lacks
249,£52.26,The Hidden Oracle (The Trials of Apollo #1)
250,£28.77,The Help Yourself Cookbook for Kids: 60 Easy Plant-Based Recipes Kids Can Make to Stay Healthy and Save the Earth
251,£13.82,The Guilty (Will Robie #4)
252,£25.85,The First Hostage (J.B. Collins #2)
253,£48.78,The Dovekeepers
254,£35.35,The Darkest Lie
255,£44.73,The Bane Chronicles (The Bane Chronicles #1-11)
256,£15.77,The Bad-Ass Librarians of Timbuktu: And Their Race to Save the World’s Most Precious Manuscripts
257,£39.24,The 14th Colony (Cotton Malone #11)
258,£13.92,That Darkness (Gardiner and Renner #1)
259,£10.69,Tastes Like Fear (DI Marnie Rome #3)
260,£45.21,Take Me with You
261,£45.58,Swell: A Year of Waves
262,£11.89,Superman Vol. 1: Before Truth (Superman by Gene Luen Yang #1)
263,£26.41,Still Life with Bread Crumbs
264,£39.50,Steve Jobs
265,£44.74,Sorting the Beef from the Bull: The Science of Food Fraud Forensics
266,£52.79,Someone Like You (The Harrisons #2)
267,£35.43,"So Cute It Hurts!!, Vol. 6 (So Cute It Hurts!! #6)"
268,£55.84,Shtum
269,£48.87,See America: A Celebration of Our National Parks & Treasured Sites
270,£46.78,salt.
271,£47.82,Robin War
272,£25.48,"Red Hood/Arsenal, Vol. 1: Open for Business (Red Hood/Arsenal #1)"
273,£23.57,Rain Fish
274,£50.89,"Quarter Life Poetry: Poems for the Young, Broke and Hangry"
275,£10.56,Pet Sematary
276,£52.15,"Overload: How to Unplug, Unwind, and Unleash Yourself from the Pressure of Stress"
277,£18.28,Once Was a Time
278,£11.83,Old School (Diary of a Wimpy Kid #10)
279,£21.95,No Dream Is Too High: Life Lessons From a Man Who Walked on the Moon
280,£38.39,"Naruto (3-in-1 Edition), Vol. 14: Includes Vols. 40, 41 & 42 (Naruto: Omnibus #14)"
281,£41.56,My Name Is Lucy Barton
282,£24.48,My Mrs. Brown
283,£40.36,My Kind of Crazy
284,£28.90,Mr. Mercedes (Bill Hodges Trilogy #1)
285,£37.61,More Than Music (Chasing the Dream #1)
286,£38.85,Made to Stick: Why Some Ideas Survive and Others Die
287,£53.95,Luis Paints the World
288,£49.83,Luckiest Girl Alive
289,£51.51,Lowriders to the Center of the Earth (Lowriders in Space #2)
290,£18.03,Love Is a Mix Tape (Music #1)
291,£29.14,Looking for Lovely: Collecting the Moments that Matter
292,£46.91,"Living Leadership by Insight: A Good Leader Achieves, a Great Leader Builds Monuments"
293,£26.79,Let It Out: A Journey Through Journaling
294,£16.28,Lady Midnight (The Dark Artifices #1)
295,£19.55,"It's All Easy: Healthy, Delicious Weeknight Meals in under 30 Minutes"
296,£29.65,Island of Dragons (Unwanteds #7)
297,£25.98,I Know What I'm Doing -- and Other Lies I Tell Myself: Dispatches from a Life Under Construction
298,£10.60,I Am Pilgrim (Pilgrim #1)
299,£14.75,"Hyperbole and a Half: Unfortunate Situations, Flawed Coping Mechanisms, Mayhem, and Other Things That Happened"
300,£47.02,"Hush, Hush (Hush, Hush #1)"
301,£28.82,Hold Your Breath (Search and Rescue #1)
302,£58.79,Hamilton: The Revolution
303,£10.23,Greek Mythic History
304,£30.03,God: The Most Unpleasant Character in All Fiction
305,£45.84,Glory over Everything: Beyond The Kitchen House
306,£49.05,Feathers: Displays of Brilliant Plumage
307,£15.06,"Far & Away: Places on the Brink of Change: Seven Continents, Twenty-Five Years"
308,£46.47,Every Last Word
309,£27.09,Eligible (The Austen Project #4)
310,£57.62,El Deafo
311,£14.39,Eight Hundred Grapes
312,£51.75,"Eaternity: More than 150 Deliciously Easy Vegan Recipes for a Long, Healthy, Satisfied, Joyful Life"
313,£54.07,"Eat Fat, Get Thin"
314,£55.35,Don't Get Caught
315,£40.12,Doctor Sleep (The Shining #2)
316,£37.51,Demigods & Magicians: Percy and Annabeth Meet the Kanes (Percy Jackson & Kane Chronicles Crossover #1-3)
317,£11.21,Dear Mr. Knightley
318,£36.58,Daily Fantasy Sports
319,£47.72,Crazy Love: Overwhelmed by a Relentless God
320,£25.01,Cometh the Hour (The Clifton Chronicles #6)
321,£22.13,Code Name Verity (Code Name Verity #1)
322,£44.14,Clockwork Angel (The Infernal Devices #1)
323,£56.02,City of Glass (The Mortal Instruments #3)
324,£11.23,City of Fallen Angels (The Mortal Instruments #4)
325,£43.28,City of Bones (The Mortal Instruments #1)
326,£47.27,City of Ashes (The Mortal Instruments #2)
327,£20.29,Cell
328,£50.83,Catching Jordan (Hundred Oaks)
329,£31.85,"Carry On, Warrior: Thoughts on Life Unarmed"
330,£46.23,Carrie
331,£37.80,Buying In: The Secret Dialogue Between What We Buy and Who We Are
332,£49.32,Brain on Fire: My Month of Madness
333,£32.01,Batman: Europa
334,£28.01,Barefoot Contessa Back to Basics
335,£50.62,Barefoot Contessa at Home: Everyday Recipes You'll Make Over and Over Again
336,£17.03,Balloon Animals
337,£48.80,Art Ops Vol. 1
338,£58.14,Aristotle and Dante Discover the Secrets of the Universe (Aristotle and Dante Discover the Secrets of the Universe #1)
339,£34.20,Angels Walking (Angels Walking #1)
340,£51.48,Angels & Demons (Robert Langdon #1)
341,£29.87,All the Light We Cannot See
342,£10.90,"Adulthood Is a Myth: A ""Sarah's Scribbles"" Collection"
343,£56.37,Abstract City
344,£48.35,A Time of Torment (Charlie Parker #14)
345,£16.73,A Study in Scarlet (Sherlock Holmes #1)
346,£56.48,"A Series of Catastrophes and Miracles: A True Story of Love, Science, and Cancer"
347,£40.79,A People's History of the United States
348,£39.72,A Man Called Ove
349,£14.58,A Distant Mirror: The Calamitous 14th Century
350,£55.51,A Brush of Wings (Angels Walking #3)
351,£21.80,1491: New Revelations of the Americas Before Columbus
352,£13.33,"The Three Searches, Meaning, and the Story"
353,£38.73,Searching for Meaning in Gailana
354,£37.86,Rook
355,£11.53,My Kitchen Year: 136 Recipes That Saved My Life
356,£27.06,13 Hours: The Inside Account of What Really Happened In Benghazi
357,£13.86,Will You Won't You Want Me?
358,£37.55,Tipping Point for Planet Earth: How Close Are We to the Edge?
359,£32.30,The Star-Touched Queen
360,£46.29,The Silent Sister (Riley MacPherson #1)
361,£26.20,The Midnight Watch: A Novel of the Titanic and the Californian
362,£33.26,The Lonely City: Adventures in the Art of Being Alone
363,£59.15,The Gray Rhino: How to Recognize and Act on the Obvious Dangers We Ignore
364,£39.43,The Golden Condom: And Other Essays on Love Lost and Found
365,£14.44,The Epidemic (The Program 0.6)
366,£56.54,The Dinner Party
367,£59.90,The Diary of a Young Girl
368,£11.88,The Children
369,£48.05,Stars Above (The Lunar Chronicles #4.5)
370,£21.21,Snatched: How A Drug Queen Went Undercover for the DEA and Was Kidnapped By Colombian Guerillas
371,£49.67,Raspberry Pi Electronics Projects for the Evil Genius
372,£43.14,Quench Your Own Thirst: Business Lessons Learned Over a Beer or Two
373,£36.97,Psycho: Sanitarium (Psycho #1.5)
374,£26.80,Poisonous (Max Revere Novels #3)
375,£15.71,One with You (Crossfire #5)
376,£54.65,No Love Allowed (Dodge Cove #1)
377,£54.36,Murder at the 42nd Street Library (Raymond Ambler #1)
378,£35.28,Most Wanted
379,£20.55,"Love, Lies and Spies"
380,£58.32,How to Speak Golf: An Illustrated Guide to Links Lingo
381,£11.84,Hide Away (Eve Duncan #20)
382,£41.46,Furiously Happy: A Funny Book About Horrible Things
383,£20.10,Everyday Italian: 125 Simple and Delicious Recipes
384,£56.86,Equal Is Unfair: America's Misguided Fight Against Income Inequality
385,£56.51,Eleanor & Park
386,£40.83,Dirty (Dive Bar #1)
387,£48.64,Can You Keep a Secret? (Fear Street Relaunch #4)
388,£59.48,Boar Island (Anna Pigeon #19)
389,£39.01,A Paris Apartment
390,£38.77,"A la Mode: 120 Recipes in 60 Pairings: Pies, Tarts, Cakes, Crisps, and More Topped with Ice Cream, Gelato, Frozen Custard, and More"
391,£48.39,Troublemaker: Surviving Hollywood and Scientology
392,£27.26,The Widow
393,£11.68,"The Sleep Revolution: Transforming Your Life, One Night at a Time"
394,£59.45,The Improbability of Love
395,£21.00,The Art of Startup Fundraising
396,£53.98,Take Me Home Tonight (Rock Star Romance #3)
397,£48.74,Sleeping Giants (Themis Files #1)
398,£21.15,"Setting the World on Fire: The Brief, Astonishing Life of St. Catherine of Siena"
399,£13.71,Playing with Fire
400,£47.67,Off the Hook (Fishing for Trouble #1)
401,£13.34,Mothering Sunday
402,£16.89,"Mother, Can You Not?"
403,£27.18,M Train
404,£17.28,Lilac Girls
405,£45.14,Lies and Other Acts of Love
406,£40.85,Lab Girl
407,£20.46,Keep Me Posted
408,£56.27,It Didn't Start with You: How Inherited Family Trauma Shapes Who We Are and How to End the Cycle
409,£48.49,Grey (Fifty Shades #4)
410,£51.34,"Exit, Pursued by a Bear"
411,£16.34,Daredevils
412,£20.50,Cravings: Recipes for What You Want to Eat
413,£21.59,Born for This: How to Find the Work You Were Meant to Do
414,£21.36,Arena
415,£20.88,Adultery
416,£19.53,A Mother's Reckoning: Living in the Aftermath of Tragedy
417,£14.75,A Gentleman's Position (Society of Gentlemen #3)
418,£48.48,11/22/63
419,£24.57,"10% Happier: How I Tamed the Voice in My Head, Reduced Stress Without Losing My Edge, and Found Self-Help That Actually Works"
420,£49.71,10-Day Green Smoothie Cleanse: Lose Up to 15 Pounds in 10 Days!
421,£48.27,Without Shame
422,£58.05,Watchmen
423,£58.87,Unlimited Intuition Now
424,£11.82,Underlying Notes
425,£28.03,The Shack
426,£44.05,The New Brand You: Your New Image Makes the Sale for You
427,£12.34,"The Moosewood Cookbook: Recipes from Moosewood Restaurant, Ithaca, New York"
428,£16.68,The Flowers Lied
429,£55.91,"The Fabric of the Cosmos: Space, Time, and the Texture of Reality"
430,£24.57,The Book of Mormon
431,£52.98,The Art and Science of Low Carbohydrate Living
432,£54.40,The Alien Club
433,£54.81,Suzie Snowflake: One beautiful flake (a self-esteem story)
434,£25.08,Nap-a-Roo
435,£10.41,"NaNo What Now? Finding your editing process, revising your NaNoWriMo book and building a writing career through publishing and beyond"
436,£47.44,Modern Day Fables
437,£20.91,If I Gave You God's Phone Number....: Searching for Spirituality in America
438,£33.95,"Fruits Basket, Vol. 9 (Fruits Basket #9)"
439,£43.68,Dress Your Family in Corduroy and Denim
440,£33.23,Don't Forget Steven
441,£35.92,Chernobyl 01:23:40: The Incredible True Story of the World's Worst Nuclear Disaster
442,£48.63,Art and Fear: Observations on the Perils (and Rewards) of Artmaking
443,£56.63,A Shard of Ice (The Black Symphony Saga #1)
444,£50.49,A Hero's Curse (The Unseen Chronicles #1)
445,£35.79,23 Degrees South: A Tropical Tale of Changing Whether...
446,£34.06,"Zero to One: Notes on Startups, or How to Build the Future"
447,£17.76,Why Not Me?
448,£39.36,When Breath Becomes Air
449,£36.94,Vagabonding: An Uncommon Guide to the Art of Long-Term World Travel
450,£43.62,The Unlikely Pilgrimage of Harold Fry (Harold Fry #1)
451,£43.02,The New Drawing on the Right Side of the Brain
452,£28.45,"The Midnight Assassin: Panic, Scandal, and the Hunt for America's First Serial Killer"
453,£41.39,The Martian (The Martian #1)
454,£51.15,The High Mountains of Portugal
455,£35.88,The Grownup
456,£36.91,The E-Myth Revisited: Why Most Small Businesses Don't Work and What to Do About It
457,£28.93,South of Sunshine
458,£38.89,Smarter Faster Better: The Secrets of Being Productive in Life and Business
459,£58.33,Silence in the Dark (Logan Point #4)
460,£39.67,Shadows of the Past (Logan Point #1)
461,£14.10,Roller Girl
462,£21.82,Rising Strong
463,£54.21,Proofs of God: Classical Arguments from Tertullian to Barth
464,£31.19,Please Kill Me: The Uncensored Oral History of Punk
465,£53.64,Out of Print: City Lights Spotlight No. 14
466,£36.39,My Life Next Door (My Life Next Door )
467,£58.54,Miller's Valley
468,£29.48,Man's Search for Meaning
469,£25.06,"Love That Boy: What Two Presidents, Eight Road Trips, and My Son Taught Me About a Parent's Expectations"
470,£12.55,Living Forward: A Proven Plan to Stop Drifting and Get the Life You Want
471,£29.04,Les Fleurs du Mal
472,£40.72,Left Behind (Left Behind #1)
473,£45.05,Kill 'Em and Leave: Searching for James Brown and the American Soul
474,£47.13,Kierkegaard: A Christian Missionary to Christians
475,£20.22,John Vassos: Industrial Design for Modern Life
476,£56.48,I'll Give You the Sun
477,£44.21,I Will Find You
478,£21.96,Hystopia: A Novel
479,£40.45,Howl and Other Poems
480,£10.29,History of Beauty
481,£52.86,Heaven is for Real: A Little Boy's Astounding Story of His Trip to Heaven and Back
482,£55.65,Future Shock (Future Shock #1)
483,£43.64,Ender's Game (The Ender Quintet #1)
484,£28.41,Diary of a Citizen Scientist: Chasing Tiger Beetles and Other New Ways of Engaging the World
485,£37.51,Death by Leisure: A Cautionary Tale
486,£11.45,Brilliant Beacons: A History of the American Lighthouse
487,£19.22,Brazen: The Courage to Find the You That's Been Hiding
488,£56.91,Between the World and Me
489,£55.06,Being Mortal: Medicine and What Matters in the End
490,£13.20,"A Murder Over a Girl: Justice, Gender, Junior High"
491,£53.63,32 Yolks
492,£44.48,"""Most Blessed of the Patriarchs"": Thomas Jefferson and the Empire of the Imagination"
493,£12.08,You Are a Badass: How to Stop Doubting Your Greatness and Start Living an Awesome Life
494,£22.14,Wildlife of New York: A Five-Borough Coloring Book
495,£25.37,What Happened on Beale Street (Secrets of the South Mysteries #2)
496,£46.33,Unreasonable Hope: Finding Faith in the God Who Brings Purpose to Your Pain
497,£37.33,Under the Tuscan Sun
498,£25.55,Toddlers Are A**holes: It's Not Your Fault
499,£34.72,The Year of Living Biblically: One Man's Humble Quest to Follow the Bible as Literally as Possible
500,£35.96,The Whale
501,£41.14,The Story of Art
502,£10.01,The Origin of Species
503,£36.05,The Great Gatsby
504,£49.03,The Good Girl
505,£16.24,The Glass Castle
506,£39.55,The Faith of Christopher Hitchens: The Restless Soul of the World's Most Notorious Atheist
507,£35.67,The Drowning Girls
508,£16.62,The Constant Princess (The Tudor Court #1)
509,£42.78,The Bourne Identity (Jason Bourne #1)
510,£52.30,The Bachelor Girl's Guide to Murder (Herringford and Watts Mysteries #1)
511,£32.34,The Art Book
512,£33.17,The 7 Habits of Highly Effective People: Powerful Lessons in Personal Change
513,£20.12,Team of Rivals: The Political Genius of Abraham Lincoln
514,£20.90,Steal Like an Artist: 10 Things Nobody Told You About Being Creative
515,£20.90,"Sit, Stay, Love"
516,£40.20,Sister Dear
517,£52.87,"Shrunken Treasures: Literary Classics, Short, Sweet, and Silly"
518,£51.74,"Rich Dad, Poor Dad"
519,£34.41,Raymie Nightingale
520,£32.38,Playing from the Heart
521,£50.35,Nightstruck: A Novel
522,£11.38,"Naturally Lean: 125 Nourishing Gluten-Free, Plant-Based Recipes--All Under 300 Calories"
523,£43.58,Meternity
524,£49.67,Memoirs of a Geisha
525,£28.77,Like Never Before (Walker Family #2)
526,£13.22,Life of Pi
527,£51.17,Leave This Song Behind: Teen Poetry at Its Best
528,£39.61,King's Folly (The Kinsman Chronicles #1)
529,£57.43,John Adams
530,£46.01,How to Cook Everything Vegetarian: Simple Meatless Recipes for Great Food (How to Cook Everything)
531,£28.25,How to Be a Domestic Goddess: Baking and the Art of Comfort Cooking
532,£37.05,Good in Bed (Cannie Shapiro #1)
533,£19.57,"Fruits Basket, Vol. 7 (Fruits Basket #7)"
534,£45.13,For the Love: Fighting for Grace in a World of Impossible Standards
535,£46.64,Finding God in the Ruins: How God Redeems Pain
536,£12.16,Every Heart a Doorway (Every Heart A Doorway #1)
537,£20.89,Delivering the Truth (Quaker Midwife Mystery #1)
538,£17.97,Counted With the Stars (Out from Egypt #1)
539,£52.60,"Chronicles, Vol. 1"
540,£25.77,Blue Like Jazz: Nonreligious Thoughts on Christian Spirituality
541,£48.19,Benjamin Franklin: An American Life
542,£29.93,"At The Existentialist Café: Freedom, Being, and apricot cocktails with: Jean-Paul Sartre, Simone de Beauvoir, Albert Camus, Martin Heidegger, Edmund Husserl, Karl Jaspers, Maurice Merleau-Ponty and others"
543,£44.34,A Summer In Europe
544,£52.40,A Short History of Nearly Everything
545,£44.81,A Gathering of Shadows (Shades of Magic #2)
546,£57.84,The Sound Of Love
547,£39.67,The Rise and Fall of the Third Reich: A History of Nazi Germany
548,£55.02,The Perks of Being a Wallflower
549,£24.80,The Mysterious Affair at Styles (Hercule Poirot #1)
550,£59.45,The Man Who Mistook His Wife for a Hat and Other Clinical Tales
551,£31.58,The Makings of a Fatherless Child
552,£43.27,The Joy of Cooking
553,£37.34,The Invention of Wings
554,£17.80,The Hobbit (Middle-Earth Universe)
555,£30.54,The Great Railway Bazaar
556,£18.77,The Golden Compass (His Dark Materials #1)
557,£46.85,The God Delusion
558,£15.79,The Girl You Left Behind (The Girl You Left Behind #1)
559,£10.27,The Fellowship of the Ring (The Lord of the Rings #1)
560,£15.42,The Collected Poems of W.B. Yeats (The Collected Works of W.B. Yeats #1)
561,£59.92,The Barefoot Contessa Cookbook
562,£50.96,Tell the Wolves I'm Home
563,£30.60,Ship Leaves Harbor: Essays on Travel by a Recovering Journeyman
564,£19.27,Pride and Prejudice
565,£46.58,Musicophilia: Tales of Music and the Brain
566,£48.51,Mere Christianity
567,£19.02,Me Before You (Me Before You #1)
568,£38.38,In the Woods (Dublin Murder Squad #1)
569,£49.98,In Cold Blood
570,£46.49,How to Stop Worrying and Start Living
571,£18.32,Give It Back
572,£42.14,"Girl, Interrupted"
573,£56.59,Fun Home: A Family Tragicomic
574,£20.96,"Fruits Basket, Vol. 6 (Fruits Basket #6)"
575,£40.32,Deception Point
576,£36.39,"Death Note, Vol. 6: Give-and-Take (Death Note #6)"
577,£58.55,Catherine the Great: Portrait of a Woman
578,£39.61,Better Homes and Gardens New Cook Book
579,£21.30,An Unquiet Mind: A Memoir of Moods and Madness
580,£56.88,A Year in Provence (Provence #1)
581,£32.97,World Without End (The Pillars of the Earth #2)
582,£47.31,"Will Grayson, Will Grayson (Will Grayson, Will Grayson)"
583,£48.67,Why Save the Bankers?: And Other Essays on Our Economic and Political Crisis
584,£41.73,Where She Went (If I Stay #2)
585,£53.68,What If?: Serious Scientific Answers to Absurd Hypothetical Questions
586,£14.64,Two Summers
587,£38.40,This Is Your Brain on Music: The Science of a Human Obsession
588,£15.08,The Secret Garden
589,£30.57,The Raven King (The Raven Cycle #4)
590,£57.74,The Raven Boys (The Raven Cycle #1)
591,£11.05,The Power Greens Cookbook: 140 Delicious Superfood Recipes
592,£28.58,The Metamorphosis
593,£42.91,The Mathews Men: Seven Brothers and the War Against Hitler's U-boats
594,£24.73,The Little Paris Bookshop
595,£55.91,The Hiding Place
596,£13.76,The Grand Design
597,£45.56,The Firm
598,£47.22,The Fault in Our Stars
599,£56.00,The False Prince (The Ascendance Trilogy #1)
600,£44.58,The Expatriates
601,£34.50,The Dream Thieves (The Raven Cycle #2)
602,£11.33,The Darkest Corners
603,£38.77,The Crossover
604,£11.83,The 5th Wave (The 5th Wave #1)
605,£45.51,Tell the Wind and Fire
606,£41.81,Tell Me Three Things
607,£25.15,Talking to Girls About Duran Duran: One Young Man's Quest for True Love and a Cooler Haircut
608,£34.22,Siddhartha
609,£16.23,Shiver (The Wolves of Mercy Falls #1)
610,£11.48,Remember Me?
611,£23.37,Red Dragon (Hannibal Lecter #1)
612,£16.28,Peak: Secrets from the New Science of Expertise
613,£31.63,My Mother Was Nuts
614,£24.91,Mexican Today: New and Rediscovered Recipes for Contemporary Kitchens
615,£22.54,Maybe Something Beautiful: How Art Transformed a Neighborhood
616,£23.63,Lola and the Boy Next Door (Anna and the French Kiss #2)
617,£13.12,Logan Kade (Fallen Crest High #5.5)
618,£59.98,Last One Home (New Beginnings #1)
619,£31.49,Killing Floor (Jack Reacher #1)
620,£15.52,Kill the Boy Band
621,£48.13,Isla and the Happily Ever After (Anna and the French Kiss #3)
622,£38.13,If I Stay (If I Stay #1)
623,£36.55,I Know Why the Caged Bird Sings (Maya Angelou's Autobiography #1)
624,£23.32,Harry Potter and the Deathly Hallows (Harry Potter #7)
625,£16.33,"Fruits Basket, Vol. 5 (Fruits Basket #5)"
626,£32.42,Foundation (Foundation (Publication Order) #1)
627,£16.96,Fool Me Once
628,£22.37,Find Her (Detective D.D. Warren #8)
629,£42.27,Evicted: Poverty and Profit in the American City
630,£38.70,Drama
631,£35.63,Dracula the Un-Dead
632,£58.00,Digital Fortress
633,£52.41,"Death Note, Vol. 5: Whiteout (Death Note #5)"
634,£32.35,"Data, A Love Story: How I Gamed Online Dating to Meet My Match"
635,£20.75,Critique of Pure Reason
636,£17.49,Booked
637,£34.13,"Blue Lily, Lily Blue (The Raven Cycle #3)"
638,£58.81,Approval Junkie: Adventures in Caring Too Much
639,£10.00,An Abundance of Katherines
640,£51.22,America's War for the Greater Middle East: A Military History
641,£58.59,Alight (The Generations Trilogy #2)
642,£31.30,A Girl's Guide to Moving On (New Beginnings #2)
643,£46.42,A Game of Thrones (A Song of Ice and Fire #1)
644,£17.21,A Feast for Crows (A Song of Ice and Fire #4)
645,£10.79,A Clash of Kings (A Song of Ice and Fire #2)
646,£52.35,Vogue Colors A to Z: A Fashion Coloring Book
647,£27.88,The Shining (The Shining #1)
648,£50.26,The Pilgrim's Progress
649,£59.99,The Perfect Play (Play by Play #1)
650,£28.32,The Passion of Dolssa
651,£38.71,The Jazz of Physics: The Secret Link Between Music and the Structure of the Universe
652,£29.85,The Hunger Games (The Hunger Games #1)
653,£14.82,The Hound of the Baskervilles (Sherlock Holmes #5)
654,£16.81,The Gunning of America: Business and the Making of American Gun Culture
655,£28.23,The Geography of Bliss: One Grump's Search for the Happiest Places in the World
656,£52.11,The Demonists (Demonist #1)
657,£27.88,"The Demon Prince of Momochi House, Vol. 4 (The Demon Prince of Momochi House #4)"
658,£59.71,The Bone Hunters (Lexy Vaughan & Steven Macaulay #2)
659,£46.08,The Beast (Black Dagger Brotherhood #14)
660,£13.73,Some Women
661,£48.39,Shopaholic Ties the Knot (Shopaholic #3)
662,£49.45,Paper and Fire (The Great Library #2)
663,£19.67,Outlander (Outlander #1)
664,£12.36,"Orchestra of Exiles: The Story of Bronislaw Huberman, the Israel Philharmonic, and the One Thousand Jews He Saved from Nazi Horrors"
665,£20.02,No One Here Gets Out Alive
666,£12.75,Night Shift (Night Shift #1-20)
667,£47.51,Needful Things
668,£20.44,Mockingjay (The Hunger Games #3)
669,£34.79,Misery
670,£28.07,Little Women (Little Women #1)
671,£25.01,It
672,£13.90,Harry Potter and the Sorcerer's Stone (Harry Potter #1)
673,£24.17,Harry Potter and the Prisoner of Azkaban (Harry Potter #3)
674,£31.63,Harry Potter and the Order of the Phoenix (Harry Potter #5)
675,£48.75,Harry Potter and the Half-Blood Prince (Harry Potter #6)
676,£14.74,Harry Potter and the Chamber of Secrets (Harry Potter #2)
677,£32.49,Gone with the Wind
678,£27.80,God Is Not Great: How Religion Poisons Everything
679,£26.77,Girl With a Pearl Earring
680,£50.44,"Fruits Basket, Vol. 4 (Fruits Basket #4)"
681,£34.93,Far From True (Promise Falls Trilogy #2)
682,£12.87,Dark Lover (Black Dagger Brotherhood #1)
683,£48.94,Confessions of a Shopaholic (Shopaholic #1)
684,£13.38,Changing the Game (Play by Play #2)
685,£58.63,Candide
686,£21.94,Can You Keep a Secret?
687,£26.58,Atlas Shrugged
688,£57.22,Animal Farm
689,£56.43,A Walk to Remember
690,£55.65,A New Earth: Awakening to Your Life's Purpose
691,£27.62,"A History of God: The 4,000-Year Quest of Judaism, Christianity, and Islam"
692,£49.56,'Salem's Lot
693,£34.77,Zero History (Blue Ant #3)
694,£17.73,Wuthering Heights
695,£21.80,World War Z: An Oral History of the Zombie War
696,£46.02,Wild: From Lost to Found on the Pacific Crest Trail
697,£18.13,"Where'd You Go, Bernadette"
698,£30.89,When You Are Engulfed in Flames
699,£31.95,We the People: The Modern-Day Figures Who Have Reshaped and Affirmed the Founding Fathers' Vision of America
700,£24.04,We Are All Completely Beside Ourselves
701,£32.36,Walk the Edge (Thunder Road #2)
702,£21.07,Voyager (Outlander #3)
703,£50.66,Very Good Lives: The Fringe Benefits of Failure and the Importance of Imagination
704,£13.66,Vegan Vegetarian Omnivore: Dinner for Everyone at the Table
705,£58.09,"Unstuffed: Decluttering Your Home, Mind, and Soul"
706,£30.00,Under the Banner of Heaven: A Story of Violent Faith
707,£32.74,Two Boys Kissing
708,£41.93,Twilight (Twilight #1)
709,£42.80,Twenties Girl
710,£53.51,"Trespassing Across America: One Man's Epic, Never-Done-Before (and Sort of Illegal) Hike Across the Heartland"
711,£23.21,Three-Martini Lunch
712,£21.14,"Thinking, Fast and Slow"
713,£56.07,The Wild Robot
714,£14.41,"The Wicked + The Divine, Vol. 3: Commercial Suicide (The Wicked + The Divine)"
715,£45.75,The Undomestic Goddess
716,£15.77,The Travelers
717,£10.02,The Tipping Point: How Little Things Can Make a Big Difference
718,£48.77,The Thing About Jellyfish
719,£57.86,The Stand
720,£23.59,The Smitten Kitchen Cookbook
721,£23.05,The Silkworm (Cormoran Strike #2)
722,£55.55,"The Sandman, Vol. 3: Dream Country (The Sandman (volumes) #3)"
723,£58.64,The Rose & the Dagger (The Wrath and the Dawn #2)
724,£23.21,The Road to Little Dribbling: Adventures of an American in Britain (Notes From a Small Island #2)
725,£42.57,The Rise of Theodore Roosevelt (Theodore Roosevelt #1)
726,£10.92,The Restaurant at the End of the Universe (Hitchhiker's Guide to the Galaxy #2)
727,£34.77,The Rest Is Noise: Listening to the Twentieth Century
728,£35.66,The Red Tent
729,£37.19,The Purpose Driven Life: What on Earth Am I Here for?
730,£12.25,The Purest Hook (Second Circle Tattoos #3)
731,£29.70,The Picture of Dorian Gray
732,£36.80,The Paris Wife
733,£45.43,The Obsession
734,£26.26,The Nightingale
735,£44.92,The New Guy (and Other Senior Year Distractions)
736,£52.53,The Nanny Diaries (Nanny #1)
737,£37.25,The Name of God is Mercy
738,£20.93,The Maze Runner (The Maze Runner #1)
739,£58.09,The Lover's Dictionary
740,£43.59,The Lonely Ones
741,£33.92,The Lean Startup: How Today's Entrepreneurs Use Continuous Innovation to Create Radically Successful Businesses
742,£55.55,The Last Painting of Sara de Vos
743,£29.64,"The Land of 10,000 Madonnas"
744,£27.41,The Infinities
745,£52.51,The Husband's Secret
746,£47.80,The Hitchhiker's Guide to the Galaxy (Hitchhiker's Guide to the Galaxy #1)
747,£14.54,The Guns of August
748,£49.53,The Guernsey Literary and Potato Peel Pie Society
749,£43.58,The Goldfinch
750,£12.30,The Giver (The Giver Quartet #1)
751,£49.47,The Girl with All the Gifts
752,£22.14,The Girl Who Played with Fire (Millennium Trilogy #2)
753,£57.48,The Girl Who Kicked the Hornet's Nest (Millennium Trilogy #3)
754,£43.45,The Exiled
755,£22.13,"The End of Faith: Religion, Terror, and the Future of Reason"
756,£13.03,"The Elegant Universe: Superstrings, Hidden Dimensions, and the Quest for the Ultimate Theory"
757,£57.35,"The Disappearing Spoon: And Other True Tales of Madness, Love, and the History of the World from the Periodic Table of the Elements"
758,£44.29,The Devil Wears Prada (The Devil Wears Prada #1)
759,£52.25,The Demon-Haunted World: Science as a Candle in the Dark
760,£26.33,The Day the Crayons Came Home (Crayons)
761,£22.96,The Da Vinci Code (Robert Langdon #2)
762,£19.21,The Cuckoo's Calling (Cormoran Strike #1)
763,£26.78,The Complete Stories and Poems (The Works of Edgar Allan Poe [Cameo Edition])
764,£41.32,The Complete Poems
765,£24.55,The Catcher in the Rye
766,£16.26,The Cat in the Hat (Beginner Books B-1)
767,£47.84,The Case for Christ (Cases for Christianity)
768,£53.49,The Book Thief
769,£44.84,The Book of Basketball: The NBA According to The Sports Guy
770,£53.71,The Blind Side: Evolution of a Game
771,£23.43,The Autobiography of Malcolm X
772,£34.32,"The Art of Simple Food: Notes, Lessons, and Recipes from a Delicious Revolution"
773,£22.10,The Art of Fielding
774,£25.83,"Surely You're Joking, Mr. Feynman!: Adventures of a Curious Character"
775,£36.74,Stiff: The Curious Lives of Human Cadavers
776,£49.51,Spilled Milk: Based on a True Story
777,£48.96,Something Borrowed (Darcy & Rachel #1)
778,£54.62,Something Blue (Darcy & Rachel #2)
779,£24.72,Soldier (Talon #3)
780,£46.45,Shopaholic & Baby (Shopaholic #5)
781,£52.33,Seven Days in the Art World
782,£30.60,Seven Brief Lessons on Physics
783,£14.57,Scarlet (The Lunar Chronicles #2)
784,£46.29,Sarah's Key
785,£21.57,"Saga, Volume 3 (Saga (Collected Editions) #3)"
786,£12.91,Running with Scissors
787,£50.11,Rogue Lawyer (Rogue Lawyer #1)
788,£41.67,"Rise of the Rocket Girls: The Women Who Propelled Us, from Missiles to the Moon to Mars"
789,£44.88,Rework
790,£11.10,Reservations for Two
791,£28.54,Red: The True Story of Red Riding Hood
792,£19.07,Ready Player One
793,£43.55,Quiet: The Power of Introverts in a World That Can't Stop Talking
794,£43.63,Prodigy: The Graphic Novel (Legend: The Graphic Novel #2)
795,£39.13,Persepolis: The Story of a Childhood (Persepolis #1-2)
796,£56.68,Packing for Mars: The Curious Science of Life in the Void
797,£14.16,Outliers: The Story of Success
798,£31.45,Original Fake
799,£24.61,Orange Is the New Black
800,£32.87,One for the Money (Stephanie Plum #1)
801,£40.17,Notes from a Small Island (Notes From a Small Island #1)
802,£13.51,Night (The Night Trilogy #1)
803,£38.95,Neither Here nor There: Travels in Europe
804,£31.69,Naked
805,£29.40,Morning Star (Red Rising #3)
806,£57.83,"Miracles from Heaven: A Little Girl, Her Journey to Heaven, and Her Amazing Story of Healing"
807,£55.46,Midnight Riot (Peter Grant/ Rivers of London - books #1)
808,£57.60,Me Talk Pretty One Day
809,£34.98,Manuscript Found in Accra
810,£11.87,Lust & Wonder
811,£12.47,Lila (Gilead #3)
812,£33.26,"Life, the Universe and Everything (Hitchhiker's Guide to the Galaxy #3)"
813,£59.04,Life Without a Recipe
814,£26.13,Life After Life
815,£22.20,Letter to a Christian Nation
816,£45.11,Let's Pretend This Never Happened: A Mostly True Memoir
817,£43.69,Legend (Legend #1)
818,£25.02,"Lean In: Women, Work, and the Will to Lead"
819,£55.50,"Lamb: The Gospel According to Biff, Christ's Childhood Pal"
820,£53.04,Lady Renegades (Rebel Belle #3)
821,£44.97,Jurassic Park (Jurassic Park #1)
822,£42.38,It's Never Too Late to Begin Again: Discovering Creativity and Meaning at Midlife and Beyond
823,£20.11,Is Everyone Hanging Out Without Me? (And Other Concerns)
824,£56.70,Into the Wild
825,£41.00,Inferno (Robert Langdon #4)
826,£28.85,"In the Garden of Beasts: Love, Terror, and an American Family in Hitler's Berlin"
827,£49.97,If I Run (If I Run #1)
828,£19.69,I've Got Your Number
829,£28.88,I Am Malala: The Girl Who Stood Up for Education and Was Shot by the Taliban
830,£33.14,Hungry Girl Clean & Hungry: Easy All-Natural Recipes for Healthy Eating in the Real World
831,£43.70,"House of Lost Worlds: Dinosaurs, Dynasties, and the Story of Life on Earth"
832,£54.89,House of Leaves
833,£37.52,Horrible Bear!
834,£51.07,Holidays on Ice
835,£44.07,Heir to the Sky
836,£10.79,Green Eggs and Ham (Beginner Books B-16)
837,£42.72,"Grayson, Vol 3: Nemesis (Grayson #3)"
838,£26.66,Gratitude
839,£37.60,Gone Girl
840,£42.21,Golden (Heart of Dread #3)
841,£46.83,Girl in the Blue Coat
842,£45.17,"Fruits Basket, Vol. 3 (Fruits Basket #3)"
843,£51.22,"Friday Night Lights: A Town, a Team, and a Dream"
844,£21.28,Fire Bound (Sea Haven/Sisters of the Heart #5)
845,£15.36,Fifty Shades Freed (Fifty Shades #3)
846,£38.62,Fellside
847,£25.40,Extreme Prey (Lucas Davenport #26)
848,£43.87,Eragon (The Inheritance Cycle #1)
849,£18.74,Eclipse (Twilight #3)
850,£54.86,Dune (Dune #1)
851,£52.62,Dracula
852,£51.48,Do Androids Dream of Electric Sheep? (Blade Runner #1)
853,£15.28,Disrupted: My Misadventure in the Start-Up Bubble
854,£39.24,Dead Wake: The Last Crossing of the Lusitania
855,£17.81,"David and Goliath: Underdogs, Misfits, and the Art of Battling Giants"
856,£56.02,Darkfever (Fever #1)
857,£23.90,Dark Places
858,£49.13,Crazy Rich Asians (Crazy Rich Asians #1)
859,£10.62,Counting Thyme
860,£36.17,Cosmos
861,£59.95,Civilization and Its Discontents
862,£26.09,Cinder (The Lunar Chronicles #1)
863,£37.35,Catastrophic Happiness: Finding Joy in Childhood's Messy Years
864,£24.72,Career of Evil (Cormoran Strike #3)
865,£35.28,Breaking Dawn (Twilight #4)
866,£51.32,Brave Enough
867,£21.12,Boy Meets Boy
868,£27.35,"Born to Run: A Hidden Tribe, Superathletes, and the Greatest Race the World Has Never Seen"
869,£21.74,Blink: The Power of Thinking Without Thinking
870,£40.87,Black Flags: The Rise of ISIS
871,£49.31,"Black Butler, Vol. 1 (Black Butler #1)"
872,£22.11,Big Little Lies
873,£20.79,Between Shades of Gray
874,£27.41,Best of My Love (Fool's Gold #20)
875,£38.35,Beowulf
876,£21.55,Beautiful Creatures (Caster Chronicles #1)
877,£38.02,Awkward
878,£22.06,Ash
879,£10.66,Are We There Yet?
880,£56.58,Are We Smart Enough to Know How Smart Animals Are?
881,£36.83,Annie on My Mind
882,£35.01,And Then There Were None
883,£30.48,A Walk in the Woods: Rediscovering America on the Appalachian Trail
884,£14.08,A Visit from the Goon Squad
885,£31.22,A Storm of Swords (A Song of Ice and Fire #3)
886,£54.29,A Heartbreaking Work of Staggering Genius
887,£31.04,8 Keys to Mental Health Through Exercise
888,£50.96,#GIRLBOSS
889,£11.89,"The Suffragettes (Little Black Classics, #96)"
890,£31.38,The Sense of an Ending
891,£54.81,"The Sandman, Vol. 2: The Doll's House (The Sandman (volumes) #2)"
892,£16.78,The Course of Love
893,£24.42,Sugar Rush (Offensive Line #2)
894,£11.75,"Saga, Volume 2 (Saga (Collected Editions) #2)"
895,£20.02,"Run, Spot, Run: The Ethics of Keeping Pets"
896,£12.86,New Moon (Twilight #2)
897,£31.58,Life
898,£34.00,Kindle Paperwhite User's Guide
899,£57.42,H is for Hawk
900,£53.47,Girl Online On Tour (Girl Online #2)
901,£11.64,"Fruits Basket, Vol. 2 (Fruits Basket #2)"
902,£52.88,Diary of a Minecraft Zombie Book 1: A Scare of a Dare (An Unofficial Minecraft Book)
903,£18.51,"Y: The Last Man, Vol. 1: Unmanned (Y: The Last Man #1)"
904,£41.32,While You Were Mine
905,£39.77,Where Lightning Strikes (Bleeding Stars #3)
906,£51.96,When I'm Gone
907,£39.51,Ways of Seeing
908,£15.40,"Vampire Knight, Vol. 1 (Vampire Knight #1)"
909,£53.82,Vampire Girl (Vampire Girl #1)
910,£30.95,Twenty Love Poems and a Song of Despair
911,£57.82,Travels with Charley: In Search of America
912,£44.18,Three Wishes (River of Time: California #1)
913,£48.71,This One Moment (Pushing Limits #1)
914,£19.69,The Zombie Room
915,£36.52,"The Wicked + The Divine, Vol. 1: The Faust Act (The Wicked + The Divine)"
916,£41.56,The Tumor
917,£43.19,The Story of Hong Gildong
918,£12.34,The Silent Wife
919,£36.25,The Silent Twin (Detective Jennifer Knight #3)
920,£29.45,The Selfish Gene
921,£34.56,The Secret Healer
922,£54.12,"The Sandman, Vol. 1: Preludes and Nocturnes (The Sandman (volumes) #1)"
923,£33.78,The Republic
924,£29.64,The Odyssey
925,£57.70,The No. 1 Ladies' Detective Agency (No. 1 Ladies' Detective Agency #1)
926,£36.34,The Nicomachean Ethics
927,£50.59,The Name of the Wind (The Kingkiller Chronicle #1)
928,£29.38,The Mirror & the Maze (The Wrath and the Dawn #1.5)
929,£45.42,The Little Prince
930,£54.43,The Light of the Fireflies
931,£36.26,The Last Girl (The Dominion Trilogy #1)
932,£16.16,The Iliad
933,£36.29,The Hook Up (Game On #1)
934,£27.89,The Haters
935,£12.29,The Girl You Lost
936,£15.85,The Girl In The Ice (DCI Erika Foster #1)
937,£14.40,The End of the Jesus Era (An Investigation #1)
938,£19.18,The Edge of Reason (Bridget Jones #2)
939,£10.64,The Complete Maus (Maus #1-2)
940,£14.76,The Communist Manifesto
941,£57.49,The Bhagavad Gita
942,£30.66,The Bette Davis Club
943,£40.83,The Art of Not Breathing
944,£18.88,Taking Shots (Assassins #1)
945,£25.83,Starlark
946,£42.12,"Skip Beat!, Vol. 01 (Skip Beat! #1)"
947,£13.33,Sister Sable (The Mad Queen #1)
948,£42.40,Shatter Me (Shatter Me #1)
949,£58.35,Shameless
950,£21.72,Shadow Rites (Jane Yellowrock #10)
951,£44.91,Settling the Score (The Summer Games #1)
952,£37.46,Sense and Sensibility
953,£28.48,"Saga, Volume 1 (Saga (Collected Editions) #1)"
954,£28.34,"Rhythm, Chord & Malykhin"
955,£46.96,"Rat Queens, Vol. 1: Sass & Sorcery (Rat Queens (Collected Editions) #1-5)"
956,£24.96,Paradise Lost (Paradise #1)
957,£21.71,"Paper Girls, Vol. 1 (Paper Girls #1-5)"
958,£29.87,"Ouran High School Host Club, Vol. 1 (Ouran High School Host Club #1)"
959,£28.99,Origins (Alphas 0.5)
960,£52.94,One Second (Seven #7)
961,£32.36,On the Road (Duluoz Legend)
962,£55.66,Old Records Never Die: One Man's Quest for His Vinyl and His Past
963,£39.45,Off Sides (Off #1)
964,£47.11,Of Mice and Men
965,£58.75,Myriad (Prentor #1)
966,£38.92,My Perfect Mistake (Over the Top #1)
967,£39.39,"Ms. Marvel, Vol. 1: No Normal (Ms. Marvel (2014-2015) #1)"
968,£25.89,Meditations
969,£28.34,Matilda
970,£27.70,Lost Among the Living
971,£24.89,Lord of the Flies
972,£58.99,Listen to Me (Fusion #1)
973,£57.20,Kitchens of the Great Midwest
974,£38.43,Jane Eyre
975,£34.74,Imperfect Harmony
976,£40.44,Icing (Aces Hockey #2)
977,£45.24,"Hawkeye, Vol. 1: My Life as a Weapon (Hawkeye #1)"
978,£34.96,Having the Barbarian's Baby (Ice Planet Barbarians #7.5)
979,£56.76,"Giant Days, Vol. 1 (Giant Days #1-4)"
980,£40.28,"Fruits Basket, Vol. 1 (Fruits Basket #1)"
981,£38.00,Frankenstein
982,£28.80,Forever Rockers (The Rocker #12)
983,£39.24,Fighting Fate (Fighting #6)
984,£32.93,Emma
985,£51.32,"Eat, Pray, Love"
986,£47.09,Deep Under (Walker Security #1)
987,£28.42,Choosing Our Religion: The Spiritual Lives of America's Nones
988,£22.85,Charlie and the Chocolate Factory (Charlie Bucket #1)
989,£41.24,Charity's Cross (Charles Towne Belles #4)
990,£39.07,Bright Lines
991,£29.82,Bridget Jones's Diary (Bridget Jones #1)
992,£37.26,Bounty (Colorado Mountain #7)
993,£20.30,Blood Defense (Samantha Brinkman #1)
994,£34.65,"Bleach, Vol. 1: Strawberry and the Soul Reapers (Bleach #1)"
995,£43.38,Beyond Good and Evil
996,£55.53,Alice in Wonderland (Alice's Adventures in Wonderland #1)
997,£57.06,"Ajin: Demi-Human, Volume 1 (Ajin: Demi-Human #1)"
998,£16.97,A Spy's Devotion (The Regency Spies of London #1)
999,£53.98,1st to Die (Women's Murder Club #1)
1000,£26.08,"1,000 Places to See Before You Die"
